{"16y7zx": {"average_similarity": 0.16852211952209473, "total_similarity": 0.16852211952209473, "total_comments": 2}, "16bq23": {"average_similarity": 0.35300834345156856, "total_similarity": 93.54721101466566, "total_comments": 266}, "6eelzo": {"average_similarity": 0.2713652681559324, "total_similarity": 2.1709221452474594, "total_comments": 9}, "16f6iy": {"average_similarity": 0.2235431376920671, "total_similarity": 54.76806873455644, "total_comments": 246}, "g4mms7": {"average_similarity": -0.0, "total_similarity": 0, "total_comments": 0}, "17r67e": {"average_similarity": 0.28187017344559234, "total_similarity": 13.529768325388432, "total_comments": 49}, "16mwws": {"average_similarity": 0.48461570910045076, "total_similarity": 3.3923099637031555, "total_comments": 8}, "18d9vo": {"average_similarity": 0.09969880093509952, "total_similarity": 2.9909640280529857, "total_comments": 31}, "16mq0g": {"average_similarity": 0.26606455418680397, "total_similarity": 11.174711275845766, "total_comments": 43}, "16reh0": {"average_similarity": 0.38987451874547535, "total_similarity": 17.54435334354639, "total_comments": 46}, "15rwj1": {"average_similarity": 0.31035697866569867, "total_similarity": 3.4139267653226852, "total_comments": 12}, "49jkhn": {"average_similarity": 0.10142608288498152, "total_similarity": 4.259895481169224, "total_comments": 43}, "162ioa": {"average_similarity": 0.3007593274426957, "total_similarity": 5.4136678939685225, "total_comments": 19}, "17mqwm": {"average_similarity": 0.2894298566288945, "total_similarity": 57.30711161252111, "total_comments": 199}, "5oym1t": {"average_similarity": 0.3838112677605647, "total_similarity": 20.34199719130993, "total_comments": 54}, "j763oo": {"average_similarity": -0.0, "total_similarity": 0, "total_comments": 0}, "173k9j": {"average_similarity": 0.4741745425760746, "total_similarity": 11.854363564401865, "total_comments": 26}, "239ggj": {}, "19ohq9": {"average_similarity": 0.585649847984314, "total_similarity": 0.585649847984314, "total_comments": 2}, "18id1i": {"average_similarity": 0.40766533836722374, "total_similarity": 3.26132270693779, "total_comments": 9}, "8wprvl": {"average_similarity": 0.2848624660566981, "total_similarity": 7.976149049587548, "total_comments": 29}, "2w32xu": {"average_similarity": 0.43365684151649475, "total_similarity": 14.744332611560822, "total_comments": 35}, "4s95z8": {}, "17jpf9": {"average_similarity": 0.02265715766698122, "total_similarity": 0.1132857883349061, "total_comments": 6}, "15vh2j": {"average_similarity": 0.21725957025773823, "total_similarity": 8.69038281030953, "total_comments": 41}, "7aldyv": {"average_similarity": 0.4614863561259376, "total_similarity": 4.153377205133438, "total_comments": 10}, "3f04ni": {"average_similarity": 0.2460061845680078, "total_similarity": 1.4760371074080467, "total_comments": 7}, "180y6u": {"average_similarity": 0.3663256332278252, "total_similarity": 1.8316281661391258, "total_comments": 6}, "16aok7": {"average_similarity": 0.48752526845782995, "total_similarity": 11.700606442987919, "total_comments": 25}, "15y8c3": {"average_similarity": 0.4010224947478713, "total_similarity": 49.32576685398817, "total_comments": 124}, "480438": {"average_similarity": 0.35983817651867867, "total_similarity": 5.757410824298859, "total_comments": 17}, "t1_c800j8l": {}, "8lyu6g": {"average_similarity": 0.3686575508117676, "total_similarity": 9.21643877029419, "total_comments": 26}, "t3_16wirc": {}, "162mnx": {"average_similarity": 0.09530968205071985, "total_similarity": 0.9530968205071986, "total_comments": 11}, "15s5zp": {"average_similarity": 0.4586951756341891, "total_similarity": 10.09129386395216, "total_comments": 23}, "15s7t5": {"average_similarity": 0.3028296837819389, "total_similarity": 41.79049636190757, "total_comments": 139}, "16mzvf": {"average_similarity": 0.5378923714160919, "total_similarity": 10.757847428321838, "total_comments": 21}, "16h3hk": {"average_similarity": 0.2896093825499217, "total_similarity": 2.606484442949295, "total_comments": 10}, "t1_c802cpp": {}, "15w5vh": {"average_similarity": 0.3526841560932254, "total_similarity": 50.43383432133123, "total_comments": 144}, "18powt": {"average_similarity": 0.3481709882616997, "total_similarity": 2.7853679060935974, "total_comments": 9}, "171mcb": {}, "4dc94s": {"average_similarity": 0.5138559639453888, "total_similarity": 1.5415678918361664, "total_comments": 4}, "17kpah": {"average_similarity": 0.3814910209697226, "total_similarity": 8.77429348230362, "total_comments": 24}, "18rblj": {"average_similarity": 0.2812798719969578, "total_similarity": 27.00286771170795, "total_comments": 97}, "1ylid7": {"average_similarity": 0.05055043357424438, "total_similarity": 0.10110086714848876, "total_comments": 3}, "2kihrx": {"average_similarity": 0.16673331115056167, "total_similarity": 3.668132845312357, "total_comments": 23}, "15vbxn": {"average_similarity": 0.23818436809457266, "total_similarity": 3.0963967852294445, "total_comments": 14}, "16jtpa": {"average_similarity": 0.35234707468924553, "total_similarity": 53.55675535276532, "total_comments": 153}, "179h1b": {"average_similarity": 0.29509387314319613, "total_similarity": 1.4754693657159805, "total_comments": 6}, "15znqw": {"average_similarity": 0.18198742862376902, "total_similarity": 3.2757737152278423, "total_comments": 19}, "72o0t7": {"average_similarity": 0.1556607405655086, "total_similarity": 1.2452859245240688, "total_comments": 9}, "58wejp": {"average_similarity": -0.0, "total_similarity": 0, "total_comments": 0}, "18bhme": {"average_similarity": 0.23751727896824218, "total_similarity": 13.538484901189804, "total_comments": 58}, "t1_c802awr": {}, "16hu8k": {"average_similarity": 0.28127313543533544, "total_similarity": 54.56698827445507, "total_comments": 195}, "1farj1": {"average_similarity": 0.2851246199731169, "total_similarity": 8.26861397922039, "total_comments": 30}, "16l9ac": {"average_similarity": 0.1501241677387315, "total_similarity": 23.569494334980845, "total_comments": 158}, "17mftj": {"average_similarity": 0.2298838330898434, "total_similarity": 1.8390706647187471, "total_comments": 9}, "16yhom": {"average_similarity": 0.08839073359514728, "total_similarity": 20.41825946047902, "total_comments": 232}, "3lyjfb": {"average_similarity": 0.44605308771133423, "total_similarity": 0.8921061754226685, "total_comments": 3}, "18xo6u": {"average_similarity": 0.14972661517560482, "total_similarity": 3.7431653793901205, "total_comments": 26}, "192dwy": {"average_similarity": 0.314544714987278, "total_similarity": 1.258178859949112, "total_comments": 5}, "68azf5": {"average_similarity": 0.3221670985221863, "total_similarity": 1.2886683940887451, "total_comments": 5}, "17thhj": {"average_similarity": 0.223641499876976, "total_similarity": 0.670924499630928, "total_comments": 4}, "16mnoo": {"average_similarity": 0.32096195060248467, "total_similarity": 16.36905948072672, "total_comments": 52}, "189rno": {"average_similarity": 0.30266471952199936, "total_similarity": 1.2106588780879974, "total_comments": 5}, "15v0cu": {"average_similarity": 0.3700438055552934, "total_similarity": 7.030832305550575, "total_comments": 20}, "15vy9z": {"average_similarity": 0.11854940937263166, "total_similarity": 19.797751365229487, "total_comments": 168}, "178p36": {"average_similarity": 0.262813486920839, "total_similarity": 11.563793424516916, "total_comments": 45}, "8s3ah2": {"average_similarity": 0.1640408014257749, "total_similarity": 0.4921224042773247, "total_comments": 4}, "17ae3x": {"average_similarity": 0.37660095281898975, "total_similarity": 3.012807622551918, "total_comments": 9}, "165jzi": {"average_similarity": 0.2114958092570305, "total_similarity": 0.422991618514061, "total_comments": 3}, "196e2f": {"average_similarity": 0.4286935180425644, "total_similarity": 1.2860805541276932, "total_comments": 4}, "185xdl": {"average_similarity": 0.23684443789316673, "total_similarity": 25.34235485456884,