{"7a9br1": {"average_similarity": 0.18716363199055194, "total_similarity": 1.8716363199055195, "total_comments": 11}, "2vo2mz": {"average_similarity": 0.17052150871604682, "total_similarity": 6.820860348641872, "total_comments": 41}, "44llx0": {"average_similarity": 0.5635440312325954, "total_similarity": 4.5083522498607635, "total_comments": 9}, "81m3tu": {"average_similarity": 0.2858247738636908, "total_similarity": 17.43531120568514, "total_comments": 62}, "5nnbzk": {"average_similarity": 0.33577688464096617, "total_similarity": 2.350438192486763, "total_comments": 8}, "21jsax": {"average_similarity": 0.34897246956825256, "total_similarity": 0.6979449391365051, "total_comments": 3}, "7x1w5a": {"average_similarity": 0.7459887266159058, "total_similarity": 0.7459887266159058, "total_comments": 2}, "8j5fxt": {"average_similarity": 0.05884980456903577, "total_similarity": 0.23539921827614307, "total_comments": 5}, "8634mx": {"average_similarity": 0.32698002457618713, "total_similarity": 0.32698002457618713, "total_comments": 2}, "4lrgfy": {"average_similarity": 0.19626106336139715, "total_similarity": 2.551393823698163, "total_comments": 14}, "2o8jay": {"average_similarity": 0.23313136771321297, "total_similarity": 0.9325254708528519, "total_comments": 5}, "865kh4": {"average_similarity": 0.48627588152885437, "total_similarity": 0.48627588152885437, "total_comments": 2}, "4xt2f8": {"average_similarity": 0.2937411060986898, "total_similarity": 73.14153541857377, "total_comments": 250}, "7reebn": {"average_similarity": 0.09163068234920502, "total_similarity": 0.09163068234920502, "total_comments": 2}, "1rgojg": {"average_similarity": 0.2651180928945541, "total_similarity": 6.6279523223638535, "total_comments": 26}, "3esk5w": {"average_similarity": 0.38222429901361465, "total_similarity": 1.5288971960544586, "total_comments": 5}, "17dj5g": {"average_similarity": 0.40905192494392395, "total_similarity": 3.6814673244953156, "total_comments": 10}, "8e1a7i": {"average_similarity": 0.45317407697439194, "total_similarity": 1.8126963078975677, "total_comments": 5}, "2ugipj": {"average_similarity": 0.27185389399528503, "total_similarity": 1.3592694699764252, "total_comments": 6}, "6vnq5a": {"average_similarity": 0.35064802014906155, "total_similarity": 6.6623123828321695, "total_comments": 20}, "7aprpr": {"average_similarity": 0.27975540701299906, "total_similarity": 2.2380432561039925, "total_comments": 9}, "15yg7s": {"average_similarity": 0.29374749919301585, "total_similarity": 5.581202484667301, "total_comments": 20}, "8eso7j": {"average_similarity": 0.25014215633273124, "total_similarity": 1.2507107816636562, "total_comments": 6}, "66e88v": {"average_similarity": 0.33619318902492523, "total_similarity": 0.6723863780498505, "total_comments": 3}, "7zr75f": {"average_similarity": 0.16911386450131735, "total_similarity": 0.507341593503952, "total_comments": 4}, "17aawy": {"average_similarity": 0.28400507002179304, "total_similarity": 19.028339691460133, "total_comments": 68}, "269f7v": {"average_similarity": 0.4416945278644562, "total_similarity": 0.8833890557289124, "total_comments": 3}, "16mhcp": {"average_similarity": 0.3890514373779297, "total_similarity": 7.781028747558594, "total_comments": 21}, "94sqk2": {"average_similarity": 0.43681951984763145, "total_similarity": 5.2418342381715775, "total_comments": 13}, "37g8np": {}, "69pptj": {"average_similarity": 0.15156086743809283, "total_similarity": 1.2124869395047426, "total_comments": 9}, "6xxejj": {"average_similarity": 0.4455939577176021, "total_similarity": 5.792721450328827, "total_comments": 14}, "5if2id": {"average_similarity": 0.3093958256596869, "total_similarity": 6.806708164513111, "total_comments": 23}, "95t7ip": {}, "1673k1": {"average_similarity": 0.38923197984695435, "total_similarity": 0.38923197984695435, "total_comments": 2}, "3oo8q2": {"average_similarity": 0.2801629900932312, "total_similarity": 1.1206519603729248, "total_comments": 5}, "7ze5lj": {"average_similarity": 0.1462418358400464, "total_similarity": 3.65604589600116, "total_comments": 26}, "t1_c8023lr": {}, "2cl5yf": {"average_similarity": 0.3464041024159927, "total_similarity": 22.516266657039523, "total_comments": 66}, "6kfotf": {"average_similarity": 0.2970356294471357, "total_similarity": 2.673320665024221, "total_comments": 10}, "2x0nbf": {"average_similarity": 0.4105871054210833, "total_similarity": 28.741097379475832, "total_comments": 71}, "3eia5z": {"average_similarity": 0.1318332999944687, "total_similarity": 0.1318332999944687, "total_comments": 2}, "18bhme": {"average_similarity": 0.23751727896824218, "total_similarity": 13.538484901189804, "total_comments": 58}, "16pl4l": {"average_similarity": 0.06755587852631624, "total_similarity": 0.8782264208421111, "total_comments": 14}, "16qpk8": {"average_similarity": 0.29665590822696686, "total_similarity": 2.6699031740427017, "total_comments": 10}, "3l7434": {"average_similarity": 0.08423585072159767, "total_similarity": 0.16847170144319534, "total_comments": 3}, "7mr8qf": {"average_similarity": 0.2532752528786659, "total_similarity": 0.5065505057573318, "total_comments": 3}, "7y718d": {"average_similarity": 0.3910812647599313, "total_similarity": 7.039462765678763, "total_comments": 19}, "1t44l6": {"average_similarity": 0.3326808933634311, "total_similarity": 1.3307235734537244, "total_comments": 5}, "1758mv": {"average_similarity": 0.47886113449931145, "total_similarity": 1.9154445379972458, "total_comments": 5}, "5jac6p": {"average_similarity": 0.3970124622186025, "total_similarity": 1.1910373866558075, "total_comments": 4}, "16n8wb": {}, "1du81a": {"average_similarity": 0.47396697239442304, "total_similarity": 5.213636696338654, "total_comments": 12}, "2maoob": {"average_similarity": 0.3323118348738977, "total_similarity": 9.304731376469135, "total_comments": 29}, "1nn46z": {"average_similarity": 0.3154114273286635, "total_similarity": 9.777754247188568, "total_comments": 32}, "2ycc9b": {}, "2rcr04": {"average_similarity": 0.5127541311085224, "total_similarity": 2.0510165244340897, "total_comments": 5}, "7dwsrk": {"average_similarity": 0.4072070002555847, "total_similarity": 4.072070002555847, "total_comments": 11}, "2qt133": {"average_similarity": 0.6189486583073934, "total_similarity": 1.8568459749221802, "total_comments": 4}, "2d8yoo": {"average_similarity": 0.17960496712476015, "total_similarity": 4.310519210994244, "total_comments": 25}, "3jrzp8": {}, "871v7j": {}, "t1_c8027z0": {}, "4cg4nd": {"average_similarity": 0.3129235861594217, "total_similarity": 17.836644411087036, "total_comments": 58}, "6swrzx": {"average_similarity": 0.4477982670068741, "total_similarity": 1.7911930680274963, "total_comments": 5}, "2jevzz": {"average_similarity": 0.2755311980843544, "total_similarity": 1.377655990421772, "total_comments": 6}, "1gnj08": {"average_similarity": 0.22253752035107843, "total_similarity": 21.808676994405687, "total_comments": 99}, "69upg5": {"average_similarity": 0.11608055561776558, "total_similarity": 49.45031669316813, "total_comments": 427}, "185xdl": {"average_similarity": 0.23684443789316673, "total_similarity": 25.34235485456884, "total_comments": 108}, "4rrmlw": {"average_similarity": 0.19254503880852256, "total_similarity": 5.583806125447154, "total_comments": 30}, "2t56b4": {"average_similarity": 0.303337424993515, "total_similarity": 1.21334969997406, "total_comments": 5}, "5wr7aq": {"average_similarity": 0.393695205450058, "total_similarity": 1.574780821800232, "total_comments": 5}, "4wg9um": {"average_similarity": 0.428315756842494, "total_similarity": 6.853052109479904, "total_comments": 17}, "21i5d3": {"average_similarity": 0.31382396598548995, "total_similarity": 28.871804870665073, "total_comments": 93}, "6o7dmn": {"average_similarity": 0.35896068811416626, "total_similarity": 0.35896068811416626, "total_comments": 2}, "3pul6e": {"average_similarity": 0.2382185310125351, "total_similarity": 0.4764370620250702, "total_comments": 3},